Workbook

Sheet Resumen
A1: Rutas activas con km inconsistente — SIT EBEMA
A2: Criterio: km cargado < 90% de la distancia en línea recta entre el centro de origen y la comuna (sólo si la línea recta > 30 km). Fuente: tabla routes y logistics_centres de Producción, 27-09-2026.
A4: Factor carretera / línea recta | B4: 1.25 | C4: Supuesto para el "KM estimado" de referencia (la distancia por carretera suele ser 1,2–1,35 × la línea recta). Ajustable.
A6: Diagnóstico | B6: Rutas | C6: Qué significa
A7: 1. KM EN CERO | B7: =COUNTIF('Rutas con distorsión'!$K$2:$K$218,A7) -> 10 | C7: La ruta no tiene km cargados (incluye destinos especiales como Isla de Pascua o Antártica).
A8: 2. KM COPIADO DE SANTIAGO | B8: =COUNTIF('Rutas con distorsión'!$K$2:$K$218,A8) -> 132 | C8: El km es igual (±2) al de la ruta desde Santiago al mismo destino: se copió la distancia medida desde Santiago.
A9: 3. KM MUY BAJO | B9: =COUNTIF('Rutas con distorsión'!$K$2:$K$218,A9) -> 50 | C9: El km es menor a la mitad de la línea recta: error de carga.
A10: 4. LEVE (revisar coordenada) | B10: =COUNTIF('Rutas con distorsión'!$K$2:$K$218,A10) -> 25 | C10: Diferencia menor; suele ser la coordenada de la comuna (centroide lejos del centro urbano). Revisar antes de cambiar el km.
A11: Total | B11: =SUM(B7:B10) -> 217
A13: Por centro de origen
A14: Centro | B14: Rutas
A15: CD Antofagasta | B15: =COUNTIF('Rutas con distorsión'!$B$2:$B$218,A15) -> 20
A16: CD Chillan | B16: =COUNTIF('Rutas con distorsión'!$B$2:$B$218,A16) -> 39
A17: CD Concepción | B17: =COUNTIF('Rutas con distorsión'!$B$2:$B$218,A17) -> 68
A18: CD Coquimbo | B18: =COUNTIF('Rutas con distorsión'!$B$2:$B$218,A18) -> 27
A19: CD La Calera | B19: =COUNTIF('Rutas con distorsión'!$B$2:$B$218,A19) -> 12
A20: CD Puerto Montt | B20: =COUNTIF('Rutas con distorsión'!$B$2:$B$218,A20) -> 5
A21: CD Rancagua | B21: =COUNTIF('Rutas con distorsión'!$B$2:$B$218,A21) -> 18
A22: CD San Bernado | B22: =COUNTIF('Rutas con distorsión'!$B$2:$B$218,A22) -> 5
A23: CD Talca | B23: =COUNTIF('Rutas con distorsión'!$B$2:$B$218,A23) -> 14
A24: CD Temuco | B24: =COUNTIF('Rutas con distorsión'!$B$2:$B$218,A24) -> 8
A25: Planta Electrosoldado | B25: =COUNTIF('Rutas con distorsión'!$B$2:$B$218,A25) -> 1

Sheet Rutas con distorsión
A1: Código ruta | B1: Centro origen | C1: Id centro | D1: Destino | E1: Región | F1: Clasificación | G1: KM cargado | H1: KM línea recta | I1: % KM / línea recta | J1: KM estimado (referencia) | K1: Diagnóstico | L1: KM ruta desde Santiago (mismo destino) | M1: Lat destino | N1: Lon destino | O1: KM por carretera (OSRM) | P1: KM corregido (completar) | Q1: Observación
A2: COQ76 | B2: CD Coquimbo | C2: 1040 | D2: JUAN FERNANDEZ | E2: Valparaíso | F2: Interregional | G2: 0 | H2: 794 | I2: =IF(H2=0,"",G2/H2) -> 0 | J2: =ROUND(H2*Resumen!$B$4,0) -> 993 | K2: 1. KM EN CERO | M2: -33.64445 | N2: -78.826224 | O2: 799 | Q2: No se propone cambio: isla / diferencia leve (revisar coordenada) / sin ruta terrestre
A3: COQ80 | B3: CD Coquimbo | C3: 1040 | D3: ISLA DE PASCUA | E3: Valparaíso | F3: Interregional | G3: 0 | H3: 3719 | I3: =IF(H3=0,"",G3/H3) -> 0 | J3: =ROUND(H3*Resumen!$B$4,0) -> 4649 | K3: 1. KM EN CERO | M3: -27.125932 | N3: -109.34959 | Q3: No se propone cambio: isla / diferencia leve (revisar coordenada) / sin ruta terrestre
A4: LAC622 | B4: CD La Calera | C4: 1050 | D4: JUAN FERNANDEZ | E4: Valparaíso | F4: Regional | G4: 0 | H4: 716 | I4: =IF(H4=0,"",G4/H4) -> 0 | J4: =ROUND(H4*Resumen!$B$4,0) -> 895 | K4: 1. KM EN CERO | M4: -33.64445 | N4: -78.826224 | O4: 506 | Q4: No se propone cambio: isla / diferencia leve (revisar coordenada) / sin ruta terrestre
A5: LAC624 | B5: CD La Calera | C5: 1050 | D5: ISLA DE PASCUA | E5: Valparaíso | F5: Regional | G5: 0 | H5: 3709 | I5: =IF(H5=0,"",G5/H5) -> 0 | J5: =ROUND(H5*Resumen!$B$4,0) -> 4636 | K5: 1. KM EN CERO | M5: -27.125932 | N5: -109.34959 | Q5: No se propone cambio: isla / diferencia leve (revisar coordenada) / sin ruta terrestre
A6: PMO725 | B6: CD Puerto Montt | C6: 1100 | D6: ANTARTICA | E6: Magallanes y de la Antártica Chilena | F6: Interregional | G6: 0 | H6: 1554 | I6: =IF(H6=0,"",G6/H6) -> 0 | J6: =ROUND(H6*Resumen!$B$4,0) -> 1943 | K6: 1. KM EN CERO | M6: -55.175083 | N6: -68.658921 | O6: 2655 | Q6: No se propone cambio: isla / diferencia leve (revisar coordenada) / sin ruta terrestre
A7: RAN686 | B7: CD Rancagua | C7: 1060 | D7: PEAJE ANGOSTURA | E7: Metropolitana de Santiago | F7: Interregional | G7: 0 | H7: 31 | I7: =IF(H7=0,"",G7/H7) -> 0 | J7: =ROUND(H7*Resumen!$B$4,0) -> 39 | K7: 1. KM EN CERO | M7: -33.907615 | N7: -70.731267 | O7: 40 | P7: 40 | Q7: Propuesto: usar km por carretera
A8: RAN692 | B8: CD Rancagua | C8: 1060 | D8: JUAN FERNANDEZ | E8: Valparaíso | F8: Interregional | G8: 0 | H8: 748 | I8: =IF(H8=0,"",G8/H8) -> 0 | J8: =ROUND(H8*Resumen!$B$4,0) -> 935 | K8: 1. KM EN CERO | M8: -33.64445 | N8: -78.826224 | O8: 308 | Q8: No se propone cambio: isla / diferencia leve (revisar coordenada) / sin ruta terrestre
A9: RAN696 | B9: CD Rancagua | C9: 1060 | D9: ISLA DE PASCUA | E9: Valparaíso | F9: Interregional | G9: 0 | H9: 3752 | I9: =IF(H9=0,"",G9/H9) -> 0 | J9: =ROUND(H9*Resumen!$B$4,0) -> 4690 | K9: 1. KM EN CERO | M9: -27.125932 | N9: -109.34959 | Q9: No se propone cambio: isla / diferencia leve (revisar coordenada) / sin ruta terrestre
A10: TAL648 | B10: CD Talca | C10: 1070 | D10: JUAN FERNANDEZ | E10: Valparaíso | F10: Interregional | G10: 0 | H10: 688 | I10: =IF(H10=0,"",G10/H10) -> 0 | J10: =ROUND(H10*Resumen!$B$4,0) -> 860 | K10: 1. KM EN CERO | M10: -33.64445 | N10: -78.826224 | O10: 138 | Q10: No se propone cambio: isla / diferencia leve (revisar coordenada) / sin ruta terrestre
A11: TAL652 | B11: CD Talca | C11: 1070 | D11: ISLA DE PASCUA | E11: Valparaíso | F11: Interregional | G11: 0 | H11: 3676 | I11: =IF(H11=0,"",G11/H11) -> 0 | J11: =ROUND(H11*Resumen!$B$4,0) -> 4595 | K11: 1. KM EN CERO | M11: -27.125932 | N11: -109.34959 | Q11: No se propone cambio: isla / diferencia leve (revisar coordenada) / sin ruta terrestre
A12: ANT557 | B12: CD Antofagasta | C12: 1020 | D12: CALERA | E12: Valparaíso | F12: Interregional | G12: 104 | H12: 1027 | I12: =IF(H12=0,"",G12/H12) -> 0.10126582 | J12: =ROUND(H12*Resumen!$B$4,0) -> 1284 | K12: 2. KM COPIADO DE SANTIAGO | L12: 103 | M12: -32.787129 | N12: -71.185777 | O12: 1231 | P12: 1231 | Q12: Propuesto: usar km por carretera
A13: ANT575 | B13: CD Antofagasta | C13: 1020 | D13: ILLAPEL | E13: Coquimbo | F13: Interregional | G13: 273 | H13: 899 | I13: =IF(H13=0,"",G13/H13) -> 0.30367075 | J13: =ROUND(H13*Resumen!$B$4,0) -> 1124 | K13: 2. KM COPIADO DE SANTIAGO | L13: 272 | M13: -31.63537 | N13: -71.168878 | O13: 1126 | P13: 1126 | Q13: Propuesto: usar km por carretera
A14: ANT578 | B14: CD Antofagasta | C14: 1020 | D14: SALAMANCA | E14: Coquimbo | F14: Interregional | G14: 290 | H14: 913 | I14: =IF(H14=0,"",G14/H14) -> 0.31763417 | J14: =ROUND(H14*Resumen!$B$4,0) -> 1141 | K14: 2. KM COPIADO DE SANTIAGO | L14: 289 | M14: -31.773906 | N14: -70.960106 | O14: 1159 | P14: 1159 | Q14: Propuesto: usar km por carretera
A15: ANT587 | B15: CD Antofagasta | C15: 1020 | D15: EL BOSQUE | E15: Metropolitana de Santiago | F15: Interregional | G15: 30 | H15: 1109 | I15: =IF(H15=0,"",G15/H15) -> 0.027051398 | J15: =ROUND(H15*Resumen!$B$4,0) -> 1386 | K15: 2. KM COPIADO DE SANTIAGO | L15: 28 | M15: -33.546572 | N15: -70.666752 | O15: 1353 | P15: 1353 | Q15: Propuesto: usar km por carretera
A16: ANT588 | B16: CD Antofagasta | C16: 1020 | D16: ESTACION CENTRAL | E16: Metropolitana de Santiago | F16: Interregional | G16: 14 | H16: 1098 | I16: =IF(H16=0,"",G16/H16) -> 0.012750455 | J16: =ROUND(H16*Resumen!$B$4,0) -> 1373 | K16: 2. KM COPIADO DE SANTIAGO | L16: 15 | M16: -33.452225 | N16: -70.679051 | O16: 1341 | P16: 1341 | Q16: Propuesto: usar km por carretera
A17: ANT590 | B17: CD Antofagasta | C17: 1020 | D17: INDEPENDENCIA | E17: Metropolitana de Santiago | F17: Interregional | G17: 12 | H17: 1095 | I17: =IF(H17=0,"",G17/H17) -> 0.010958904 | J17: =ROUND(H17*Resumen!$B$4,0) -> 1369 | K17: 2. KM COPIADO DE SANTIAGO | L17: 11 | M17: -33.419565 | N17: -70.669614 | O17: 1336 | P17: 1336 | Q17: Propuesto: usar km por carretera
A18: ANT591 | B18: CD Antofagasta | C18: 1020 | D18: LA CISTERNA | E18: Metropolitana de Santiago | F18: Interregional | G18: 24 | H18: 1108 | I18: =IF(H18=0,"",G18/H18) -> 0.02166065 | J18: =ROUND(H18*Resumen!$B$4,0) -> 1385 | K18: 2. KM COPIADO DE SANTIAGO | L18: 26 | M18: -33.53735 | N18: -70.664333 | O18: 1352 | P18: 1352 | Q18: Propuesto: usar km por carretera
A19: ANT594 | B19: CD Antofagasta | C19: 1020 | D19: LA PINTANA | E19: Metropolitana de Santiago | F19: Interregional | G19: 34 | H19: 1112 | I19: =IF(H19=0,"",G19/H19) -> 0.03057554 | J19: =ROUND(H19*Resumen!$B$4,0) -> 1390 | K19: 2. KM COPIADO DE SANTIAGO | L19: 33 | M19: -33.574613 | N19: -70.632129 | O19: 1358 | P19: 1358 | Q19: Propuesto: usar km por carretera
A20: ANT599 | B20: CD Antofagasta | C20: 1020 | D20: LO PRADO | E20: Metropolitana de Santiago | F20: Interregional | G20: 15 | H20: 1097 | I20: =IF(H20=0,"",G20/H20) -> 0.013673655 | J20: =ROUND(H20*Resumen!$B$4,0) -> 1371 | K20: 2. KM COPIADO DE SANTIAGO | L20: 17 | M20: -33.443409 | N20: -70.716753 | O20: 1340 | P20: 1340 | Q20: Propuesto: usar km por carretera
A21: ANT600 | B21: CD Antofagasta | C21: 1020 | D21: MACUL | E21: Metropolitana de Santiago | F21: Interregional | G21: 25 | H21: 1104 | I21: =IF(H21=0,"",G21/H21) -> 0.022644928 | J21: =ROUND(H21*Resumen!$B$4,0) -> 1380 | K21: 2. KM COPIADO DE SANTIAGO | L21: 25 | M21: -33.509238 | N21: -70.590047 | O21: 1355 | P21: 1355 | Q21: Propuesto: usar km por carretera
A22: ANT601 | B22: CD Antofagasta | C22: 1020 | D22: MAIPU | E22: Metropolitana de Santiago | F22: Interregional | G22: 26 | H22: 1105 | I22: =IF(H22=0,"",G22/H22) -> 0.023529412 | J22: =ROUND(H22*Resumen!$B$4,0) -> 1381 | K22: 2. KM COPIADO DE SANTIAGO | L22: 26 | M22: -33.509933 | N22: -70.757309 | O22: 1352 | P22: 1352 | Q22: Propuesto: usar km por carretera
A23: ANT622 | B23: CD Antofagasta | C23: 1020 | D23: BUIN | E23: Metropolitana de Santiago | F23: Interregional | G23: 47 | H23: 1129 | I23: =IF(H23=0,"",G23/H23) -> 0.041629761 | J23: =ROUND(H23*Resumen!$B$4,0) -> 1411 | K23: 2. KM COPIADO DE SANTIAGO | L23: 47 | M23: -33.732365 | N23: -70.728433 | O23: 1372 | P23: 1372 | Q23: Propuesto: usar km por carretera
... A147: ANT598 | B147: CD Antofagasta | C147: 1020 | D147: LO ESPEJO | E147: Metropolitana de Santiago | F147: Interregional | G147: 28 | H147: 1105 | I147: =IF(H147=0,"",G147/H147) -> 0.025339367 | J147: =ROUND(H147*Resumen!$B$4,0) -> 1381 | K147: 3. KM MUY BAJO | L147: 24 | M147: -33.514527 | N147: -70.685882 | O147: 1350 | P147: 1350 | Q147: Propuesto: usar km por carretera
A148: CHI100 | B148: CD Chillan | C148: 1160 | D148: MARÍA PINTO | E148: Metropolitana de Santiago | F148: Interregional | G148: 56 | H148: 358 | I148: =IF(H148=0,"",G148/H148) -> 0.15642458 | J148: =ROUND(H148*Resumen!$B$4,0) -> 448 | K148: 3. KM MUY BAJO | M148: -33.51353 | N148: -71.097867 | O148: 450 | P148: 450 | Q148: Propuesto: usar km por carretera
A149: CHI103 | B149: CD Chillan | C149: 1160 | D149: EL MONTE | E149: Metropolitana de Santiago | F149: Interregional | G149: 68 | H149: 343 | I149: =IF(H149=0,"",G149/H149) -> 0.19825073 | J149: =ROUND(H149*Resumen!$B$4,0) -> 429 | K149: 3. KM MUY BAJO | L149: 60 | M149: -33.678319 | N149: -70.978246 | O149: 397 | P149: 397 | Q149: Propuesto: usar km por carretera
A150: CHI104 | B150: CD Chillan | C150: 1160 | D150: ISLA DE MAIPO | E150: Metropolitana de Santiago | F150: Interregional | G150: 59 | H150: 338 | I150: =IF(H150=0,"",G150/H150) -> 0.17455621 | J150: =ROUND(H150*Resumen!$B$4,0) -> 423 | K150: 3. KM MUY BAJO | L150: 63 | M150: -33.749685 | N150: -70.900751 | O150: 381 | P150: 381 | Q150: Propuesto: usar km por carretera
A151: CHI155 | B151: CD Chillan | C151: 1160 | D151: ROMERAL | E151: Valparaíso | F151: Interregional | G151: 206 | H151: 434 | I151: =IF(H151=0,"",G151/H151) -> 0.47465438 | J151: =ROUND(H151*Resumen!$B$4,0) -> 543 | K151: 3. KM MUY BAJO | L151: 201 | M151: -32.825059 | N151: -71.02159 | O151: 497 | P151: 497 | Q151: Propuesto: usar km por carretera
A152: CHI64 | B152: CD Chillan | C152: 1160 | D152: LA FLORIDA | E152: Metropolitana de Santiago | F152: Interregional | G152: 27 | H152: 370 | I152: =IF(H152=0,"",G152/H152) -> 0.072972973 | J152: =ROUND(H152*Resumen!$B$4,0) -> 463 | K152: 3. KM MUY BAJO | L152: 35 | M152: -33.541615 | N152: -70.571212 | O152: 404 | P152: 404 | Q152: Propuesto: usar km por carretera
A153: CHI68 | B153: CD Chillan | C153: 1160 | D153: LAS CONDES | E153: Metropolitana de Santiago | F153: Interregional | G153: 17 | H153: 384 | I153: =IF(H153=0,"",G153/H153) -> 0.044270833 | J153: =ROUND(H153*Resumen!$B$4,0) -> 480 | K153: 3. KM MUY BAJO | L153: 25 | M153: -33.405487 | N153: -70.574383 | O153: 416 | P153: 416 | Q153: Propuesto: usar km por carretera
A154: CHI69 | B154: CD Chillan | C154: 1160 | D154: LO BARNECHEA | E154: Metropolitana de Santiago | F154: Interregional | G154: 23 | H154: 392 | I154: =IF(H154=0,"",G154/H154) -> 0.058673469 | J154: =ROUND(H154*Resumen!$B$4,0) -> 490 | K154: 3. KM MUY BAJO | L154: 37 | M154: -33.352834 | N154: -70.518564 | O154: 427 | P154: 427 | Q154: Propuesto: usar km por carretera
A155: CHI70 | B155: CD Chillan | C155: 1160 | D155: LO ESPEJO | E155: Metropolitana de Santiago | F155: Interregional | G155: 28 | H155: 369 | I155: =IF(H155=0,"",G155/H155) -> 0.075880759 | J155: =ROUND(H155*Resumen!$B$4,0) -> 461 | K155: 3. KM MUY BAJO | L155: 24 | M155: -33.514527 | N155: -70.685882 | O155: 398 | P155: 398 | Q155: Propuesto: usar km por carretera
A156: CHI76 | B156: CD Chillan | C156: 1160 | D156: PEÑALOLÉN | E156: Metropolitana de Santiago | F156: Interregional | G156: 25 | H156: 378 | I156: =IF(H156=0,"",G156/H156) -> 0.066137566 | J156: =ROUND(H156*Resumen!$B$4,0) -> 473 | K156: 3. KM MUY BAJO | L156: 41 | M156: -33.488416 | N156: -70.509435 | O156: 416 | P156: 416 | Q156: Propuesto: usar km por carretera
A157: CON660 | B157: CD Concepción | C157: 1080 | D157: LOS VILOS | E157: Coquimbo | F157: Interregional | G157: 215 | H157: 543 | I157: =IF(H157=0,"",G157/H157) -> 0.39594843 | J157: =ROUND(H157*Resumen!$B$4,0) -> 679 | K157: 3. KM MUY BAJO | L157: 188 | M157: -32.121361 | N157: -71.502913 | O157: 696 | P157: 696 | Q157: Propuesto: usar km por carretera
A158: CON668 | B158: CD Concepción | C158: 1080 | D158: CASABLANCA | E158: Valparaíso | F158: Interregional | G158: 79 | H158: 416 | I158: =IF(H158=0,"",G158/H158) -> 0.18990385 | J158: =ROUND(H158*Resumen!$B$4,0) -> 520 | K158: 3. KM MUY BAJO | L158: 82 | M158: -33.336518 | N158: -71.410551 | O158: 569 | P158: 569 | Q158: Propuesto: usar km por carretera
A159: CON669 | B159: CD Concepción | C159: 1080 | D159: CONCON | E159: Valparaíso | F159: Interregional | G159: 133 | H159: 455 | I159: =IF(H159=0,"",G159/H159) -> 0.29230769 | J159: =ROUND(H159*Resumen!$B$4,0) -> 569 | K159: 3. KM MUY BAJO | L159: 143 | M159: -32.949194 | N159: -71.47886 | O159: 622 | P159: 622 | Q159: Propuesto: usar km por carretera
A160: CON680 | B160: CD Concepción | C160: 1080 | D160: PAPUDO | E160: Valparaíso | F160: Interregional | G160: 159 | H160: 504 | I160: =IF(H160=0,"",G160/H160) -> 0.31547619 | J160: =ROUND(H160*Resumen!$B$4,0) -> 630 | K160: 3. KM MUY BAJO | L160: 156 | M160: -32.501554 | N160: -71.435857 | O160: 666 | P160: 666 | Q160: Propuesto: usar km por carretera
... A169: CON716 | B169: CD Concepción | C169: 1080 | D169: LO BARNECHEA | E169: Metropolitana de Santiago | F169: Interregional | G169: 23 | H169: 451 | I169: =IF(H169=0,"",G169/H169) -> 0.050997783 | J169: =ROUND(H169*Resumen!$B$4,0) -> 564 | K169: 3. KM MUY BAJO | L169: 37 | M169: -33.352834 | N169: -70.518564 | O169: 522 | P169: 522 | Q169: Propuesto: usar km por carretera
A170: CON747 | B170: CD Concepción | C170: 1080 | D170: MARÍA PINTO | E170: Metropolitana de Santiago | F170: Interregional | G170: 56 | H170: 410 | I170: =IF(H170=0,"",G170/H170) -> 0.13658537 | J170: =ROUND(H170*Resumen!$B$4,0) -> 513 | K170: 3. KM MUY BAJO | M170: -33.51353 | N170: -71.097867 | O170: 546 | P170: 546 | Q170: Propuesto: usar km por carretera
A171: CON750 | B171: CD Concepción | C171: 1080 | D171: EL MONTE | E171: Metropolitana de Santiago | F171: Interregional | G171: 68 | H171: 398 | I171: =IF(H171=0,"",G171/H171) -> 0.17085427 | J171: =ROUND(H171*Resumen!$B$4,0) -> 498 | K171: 3. KM MUY BAJO | L171: 60 | M171: -33.678319 | N171: -70.978246 | O171: 492 | P171: 492 | Q171: Propuesto: usar km por carretera
A172: CON751 | B172: CD Concepción | C172: 1080 | D172: ISLA DE MAIPO | E172: Metropolitana de Santiago | F172: Interregional | G172: 59 | H172: 395 | I172: =IF(H172=0,"",G172/H172) -> 0.14936709 | J172: =ROUND(H172*Resumen!$B$4,0) -> 494 | K172: 3. KM MUY BAJO | L172: 63 | M172: -33.749685 | N172: -70.900751 | O172: 477 | P172: 477 | Q172: Propuesto: usar km por carretera
A173: CON758 | B173: CD Concepción | C173: 1080 | D173: DOÑIHUE | E173: Libertador General Bernardo O'Higgins | F173: Interregional | G173: 119 | H173: 342 | I173: =IF(H173=0,"",G173/H173) -> 0.34795322 | J173: =ROUND(H173*Resumen!$B$4,0) -> 428 | K173: 3. KM MUY BAJO | L173: 122 | M173: -34.254138 | N173: -70.991243 | O173: 434 | P173: 434 | Q173: Propuesto: usar km por carretera
A174: CON773 | B174: CD Concepción | C174: 1080 | D174: LITUECHE | E174: Libertador General Bernardo O'Higgins | F174: Interregional | G174: 155 | H174: 325 | I174: =IF(H174=0,"",G174/H174) -> 0.47692308 | J174: =ROUND(H174*Resumen!$B$4,0) -> 406 | K174: 3. KM MUY BAJO | L174: 168 | M174: -34.12076 | N174: -71.728065 | O174: 442 | P174: 442 | Q174: Propuesto: usar km por carretera
A175: COQ001 | B175: CD Coquimbo | C175: 1040 | D175: COQUIMBO | E175: Coquimbo | F175: Regional | G175: 20 | H175: 74 | I175: =IF(H175=0,"",G175/H175) -> 0.27027027 | J175: =ROUND(H175*Resumen!$B$4,0) -> 93 | K175: 3. KM MUY BAJO | L175: 451 | M175: -29.953185 | N175: -71.33795 | O175: 86 | P175: 86 | Q175: Propuesto: usar km por carretera
A176: COQ014 | B176: CD Coquimbo | C176: 1040 | D176: LA HIGUERA | E176: Coquimbo | F176: Regional | G176: 69 | H176: 166 | I176: =IF(H176=0,"",G176/H176) -> 0.41566265 | J176: =ROUND(H176*Resumen!$B$4,0) -> 208 | K176: 3. KM MUY BAJO | L176: 631 | M176: -29.242691 | N176: -70.482554 | O176: 261 | P176: 261 | Q176: Propuesto: usar km por carretera
A177: COQ015 | B177: CD Coquimbo | C177: 1040 | D177: LA SERENA | E177: Coquimbo | F177: Regional | G177: 20 | H177: 79 | I177: =IF(H177=0,"",G177/H177) -> 0.25316456 | J177: =ROUND(H177*Resumen!$B$4,0) -> 99 | K177: 3. KM MUY BAJO | L177: 464 | M177: -29.901776 | N177: -71.256912 | O177: 94 | P177: 94 | Q177: Propuesto: usar km por carretera
A178: COQ105 | B178: CD Coquimbo | C178: 1040 | D178: PUTAENDO | E178: Valparaíso | F178: Interregional | G178: 89 | H178: 222 | I178: =IF(H178=0,"",G178/H178) -> 0.4009009 | J178: =ROUND(H178*Resumen!$B$4,0) -> 278 | K178: 3. KM MUY BAJO | L178: 99 | M178: -32.557955 | N178: -70.682076 | O178: 344 | P178: 344 | Q178: Propuesto: usar km por carretera
A179: COQ120 | B179: CD Coquimbo | C179: 1040 | D179: LA FLORIDA | E179: Metropolitana de Santiago | F179: Interregional | G179: 27 | H179: 331 | I179: =IF(H179=0,"",G179/H179) -> 0.081570997 | J179: =ROUND(H179*Resumen!$B$4,0) -> 414 | K179: 3. KM MUY BAJO | L179: 35 | M179: -33.541615 | N179: -70.571212 | O179: 427 | P179: 427 | Q179: Propuesto: usar km por carretera
A180: COQ121 | B180: CD Coquimbo | C180: 1040 | D180: LA GRANJA | E180: Metropolitana de Santiago | F180: Interregional | G180: 26 | H180: 331 | I180: =IF(H180=0,"",G180/H180) -> 0.078549849 | J180: =ROUND(H180*Resumen!$B$4,0) -> 414 | K180: 3. KM MUY BAJO | L180: 32 | M180: -33.54113 | N180: -70.616047 | O180: 424 | P180: 424 | Q180: Propuesto: usar km por carretera
A181: COQ156 | B181: CD Coquimbo | C181: 1040 | D181: MARÍA PINTO | E181: Metropolitana de Santiago | F181: Interregional | G181: 56 | H181: 323 | I181: =IF(H181=0,"",G181/H181) -> 0.17337461 | J181: =ROUND(H181*Resumen!$B$4,0) -> 404 | K181: 3. KM MUY BAJO | M181: -33.51353 | N181: -71.097867 | O181: 427 | P181: 427 | Q181: Propuesto: usar km por carretera
A182: COQ83 | B182: CD Coquimbo | C182: 1040 | D182: RINCONADA | E182: Valparaíso | F182: Interregional | G182: 65 | H182: 254 | I182: =IF(H182=0,"",G182/H182) -> 0.25590551 | J182: =ROUND(H182*Resumen!$B$4,0) -> 318 | K182: 3. KM MUY BAJO | L182: 62 | M182: -32.849888 | N182: -70.687362 | O182: 361 | P182: 361 | Q182: Propuesto: usar km por carretera
A183: COQ95 | B183: CD Coquimbo | C183: 1040 | D183: SAN ANTONIO | E183: Valparaíso | F183: Interregional | G183: 124 | H183: 333 | I183: =IF(H183=0,"",G183/H183) -> 0.37237237 | J183: =ROUND(H183*Resumen!$B$4,0) -> 416 | K183: 3. KM MUY BAJO | L183: 120 | M183: -33.58527 | N183: -71.611681 | O183: 422 | P183: 422 | Q183: Propuesto: usar km por carretera
A184: LAC086 | B184: CD La Calera | C184: 1050 | D184: LA CRUZ | E184: Valparaíso | F184: Regional | G184: 7 | H184: 48 | I184: =IF(H184=0,"",G184/H184) -> 0.14583333 | J184: =ROUND(H184*Resumen!$B$4,0) -> 60 | K184: 3. KM MUY BAJO | L184: 88 | M184: -32.650665 | N184: -70.704267 | O184: 75 | P184: 75 | Q184: Propuesto: usar km por carretera
A185: RAN699 | B185: CD Rancagua | C185: 1060 | D185: RINCONADA | E185: Valparaíso | F185: Interregional | G185: 65 | H185: 149 | I185: =IF(H185=0,"",G185/H185) -> 0.43624161 | J185: =ROUND(H185*Resumen!$B$4,0) -> 186 | K185: 3. KM MUY BAJO | L185: 62 | M185: -32.849888 | N185: -70.687362 | O185: 159 | P185: 159 | Q185: Propuesto: usar km por carretera
A186: RAN700 | B186: CD Rancagua | C186: 1060 | D186: SAN ESTEBAN | E186: Valparaíso | F186: Interregional | G186: 74 | H186: 155 | I186: =IF(H186=0,"",G186/H186) -> 0.47741935 | J186: =ROUND(H186*Resumen!$B$4,0) -> 194 | K186: 3. KM MUY BAJO | L186: 70 | M186: -32.799786 | N186: -70.579838 | O186: 168 | P186: 168 | Q186: Propuesto: usar km por carretera
A187: RAN720 | B187: CD Rancagua | C187: 1060 | D187: PUTAENDO | E187: Valparaíso | F187: Interregional | G187: 89 | H187: 181 | I187: =IF(H187=0,"",G187/H187) -> 0.49171271 | J187: =ROUND(H187*Resumen!$B$4,0) -> 226 | K187: 3. KM MUY BAJO | L187: 99 | M187: -32.557955 | N187: -70.682076 | O187: 197 | P187: 197 | Q187: Propuesto: usar km por carretera
A188: RAN721 | B188: CD Rancagua | C188: 1060 | D188: SANTA MARIA | E188: Valparaíso | F188: Interregional | G188: 79 | H188: 170 | I188: =IF(H188=0,"",G188/H188) -> 0.46470588 | J188: =ROUND(H188*Resumen!$B$4,0) -> 213 | K188: 3. KM MUY BAJO | L188: 91 | M188: -32.662637 | N188: -70.619206 | O188: 188 | P188: 188 | Q188: Propuesto: usar km por carretera
A189: TAL646 | B189: CD Talca | C189: 1070 | D189: CASABLANCA | E189: Valparaíso | F189: Interregional | G189: 79 | H189: 238 | I189: =IF(H189=0,"",G189/H189) -> 0.33193277 | J189: =ROUND(H189*Resumen!$B$4,0) -> 298 | K189: 3. KM MUY BAJO | L189: 82 | M189: -33.336518 | N189: -71.410551 | O189: 327 | P189: 327 | Q189: Propuesto: usar km por carretera
A190: TAL661 | B190: CD Talca | C190: 1070 | D190: ZAPALLAR | E190: Valparaíso | F190: Interregional | G190: 159 | H190: 325 | I190: =IF(H190=0,"",G190/H190) -> 0.48923077 | J190: =ROUND(H190*Resumen!$B$4,0) -> 406 | K190: 3. KM MUY BAJO | L190: 127 | M190: -32.556135 | N190: -71.455368 | O190: 422 | P190: 422 | Q190: Propuesto: usar km por carretera
A191: TAL664 | B191: CD Talca | C191: 1070 | D191: HIJUELAS | E191: Valparaíso | F191: Interregional | G191: 96 | H191: 301 | I191: =IF(H191=0,"",G191/H191) -> 0.31893688 | J191: =ROUND(H191*Resumen!$B$4,0) -> 376 | K191: 3. KM MUY BAJO | L191: 99 | M191: -32.796332 | N191: -71.146141 | O191: 364 | P191: 364 | Q191: Propuesto: usar km por carretera
A192: TEM720 | B192: CD Temuco | C192: 1090 | D192: EL MONTE | E192: Metropolitana de Santiago | F192: Interregional | G192: 68 | H192: 578 | I192: =IF(H192=0,"",G192/H192) -> 0.11764706 | J192: =ROUND(H192*Resumen!$B$4,0) -> 723 | K192: 3. KM MUY BAJO | L192: 60 | M192: -33.678319 | N192: -70.978246 | O192: 666 | P192: 666 | Q192: Propuesto: usar km por carretera
A193: TEM721 | B193: CD Temuco | C193: 1090 | D193: ISLA DE MAIPO | E193: Metropolitana de Santiago | F193: Interregional | G193: 59 | H193: 572 | I193: =IF(H193=0,"",G193/H193) -> 0.10314685 | J193: =ROUND(H193*Resumen!$B$4,0) -> 715 | K193: 3. KM MUY BAJO | L193: 63 | M193: -33.749685 | N193: -70.900751 | O193: 650 | P193: 650 | Q193: Propuesto: usar km por carretera
A194: ANT573 | B194: CD Antofagasta | C194: 1020 | D194: PAIGUANO | E194: Coquimbo | F194: Interregional | G194: 550 | H194: 728 | I194: =IF(H194=0,"",G194/H194) -> 0.75549451 | J194: =ROUND(H194*Resumen!$B$4,0) -> 910 | K194: 4. LEVE (revisar coordenada) | L194: 562 | M194: -30.129677 | N194: -70.496195 | O194: 971 | Q194: No se propone cambio: isla / diferencia leve (revisar coordenada) / sin ruta terrestre
A195: CHI023 | B195: CD Chillan | C195: 1160 | D195: RETIRO | E195: Maule | F195: Interregional | G195: 62 | H195: 70 | I195: =IF(H195=0,"",G195/H195) -> 0.88571429 | J195: =ROUND(H195*Resumen!$B$4,0) -> 88 | K195: 4. LEVE (revisar coordenada) | L195: 352 | M195: -36.056501 | N195: -71.767291 | O195: 76 | Q195: No se propone cambio: isla / diferencia leve (revisar coordenada) / sin ruta terrestre
A196: CHI039 | B196: CD Chillan | C196: 1160 | D196: TUCAPEL | E196: Biobío | F196: Interregional | G196: 106 | H196: 173 | I196: =IF(H196=0,"",G196/H196) -> 0.61271676 | J196: =ROUND(H196*Resumen!$B$4,0) -> 216 | K196: 4. LEVE (revisar coordenada) | L196: 520 | M196: -37.796464 | N196: -73.400751 | O196: 265 | Q196: No se propone cambio: isla / diferencia leve (revisar coordenada) / sin ruta terrestre
A197: CHI139 | B197: CD Chillan | C197: 1160 | D197: SANTA CRUZ | E197: Libertador General Bernardo O'Higgins | F197: Interregional | G197: 191 | H197: 232 | I197: =IF(H197=0,"",G197/H197) -> 0.82327586 | J197: =ROUND(H197*Resumen!$B$4,0) -> 290 | K197: 4. LEVE (revisar coordenada) | L197: 186 | M197: -34.639404 | N197: -71.308907 | O197: 268 | Q197: No se propone cambio: isla / diferencia leve (revisar coordenada) / sin ruta terrestre
A198: CON431 | B198: CD Concepción | C198: 1080 | D198: SANTA JUANA | E198: Biobío | F198: Regional | G198: 52 | H198: 62 | I198: =IF(H198=0,"",G198/H198) -> 0.83870968 | J198: =ROUND(H198*Resumen!$B$4,0) -> 78 | K198: 4. LEVE (revisar coordenada) | L198: 476 | M198: -37.028831 | N198: -72.407418 | O198: 75 | Q198: No se propone cambio: isla / diferencia leve (revisar coordenada) / sin ruta terrestre
A199: CON664 | B199: CD Concepción | C199: 1080 | D199: MONTE PATRIA | E199: Coquimbo | F199: Interregional | G199: 426 | H199: 709 | I199: =IF(H199=0,"",G199/H199) -> 0.60084626 | J199: =ROUND(H199*Resumen!$B$4,0) -> 886 | K199: 4. LEVE (revisar coordenada) | L199: 429 | M199: -30.693722 | N199: -70.957811 | O199: 936 | Q199: No se propone cambio: isla / diferencia leve (revisar coordenada) / sin ruta terrestre
A200: CON666 | B200: CD Concepción | C200: 1080 | D200: RIO HURTADO | E200: Coquimbo | F200: Interregional | G200: 485 | H200: 730 | I200: =IF(H200=0,"",G200/H200) -> 0.66438356 | J200: =ROUND(H200*Resumen!$B$4,0) -> 913 | K200: 4. LEVE (revisar coordenada) | L200: 465 | M200: -30.526095 | N200: -70.853171 | O200: 973 | Q200: No se propone cambio: isla / diferencia leve (revisar coordenada) / sin ruta terrestre
A201: CON785 | B201: CD Concepción | C201: 1080 | D201: SANTA CRUZ | E201: Libertador General Bernardo O'Higgins | F201: Interregional | G201: 191 | H201: 290 | I201: =IF(H201=0,"",G201/H201) -> 0.65862069 | J201: =ROUND(H201*Resumen!$B$4,0) -> 363 | K201: 4. LEVE (revisar coordenada) | L201: 186 | M201: -34.639404 | N201: -71.308907 | O201: 364 | Q201: No se propone cambio: isla / diferencia leve (revisar coordenada) / sin ruta terrestre
A202: CON800 | B202: CD Concepción | C202: 1080 | D202: RAUCO | E202: Maule | F202: Interregional | G202: 207 | H202: 265 | I202: =IF(H202=0,"",G202/H202) -> 0.78113208 | J202: =ROUND(H202*Resumen!$B$4,0) -> 331 | K202: 4. LEVE (revisar coordenada) | L202: 210 | M202: -34.933362 | N202: -71.276303 | O202: 318 | Q202: No se propone cambio: isla / diferencia leve (revisar coordenada) / sin ruta terrestre
A203: COQ037 | B203: CD Coquimbo | C203: 1040 | D203: VICUÑA | E203: Coquimbo | F203: Regional | G203: 71 | H203: 93 | I203: =IF(H203=0,"",G203/H203) -> 0.76344086 | J203: =ROUND(H203*Resumen!$B$4,0) -> 116 | K203: 4. LEVE (revisar coordenada) | L203: 541 | M203: -29.976924 | N203: -70.554661 | O203: 166 | Q203: No se propone cambio: isla / diferencia leve (revisar coordenada) / sin ruta terrestre
A204: COQ043 | B204: CD Coquimbo | C204: 1040 | D204: VALLENAR | E204: Atacama | F204: Interregional | G204: 200 | H204: 228 | I204: =IF(H204=0,"",G204/H204) -> 0.87719298 | J204: =ROUND(H204*Resumen!$B$4,0) -> 285 | K204: 4. LEVE (revisar coordenada) | L204: 654 | M204: -28.59019 | N204: -70.753442 | O204: 281 | Q204: No se propone cambio: isla / diferencia leve (revisar coordenada) / sin ruta terrestre
A205: LAC670 | B205: CD La Calera | C205: 1050 | D205: ISLA DE MAIPO | E205: Metropolitana de Santiago | F205: Interregional | G205: 59 | H205: 111 | I205: =IF(H205=0,"",G205/H205) -> 0.53153153 | J205: =ROUND(H205*Resumen!$B$4,0) -> 139 | K205: 4. LEVE (revisar coordenada) | L205: 63 | M205: -33.749685 | N205: -70.900751 | O205: 161 | Q205: No se propone cambio: isla / diferencia leve (revisar coordenada) / sin ruta terrestre
A206: PMO528 | B206: CD Puerto Montt | C206: 1100 | D206: CABO DE HORNOS | E206: Magallanes y de la Antártica Chilena | F206: Interregional | G206: 1024 | H206: 1663 | I206: =IF(H206=0,"",G206/H206) -> 0.61575466 | J206: =ROUND(H206*Resumen!$B$4,0) -> 2079 | K206: 4. LEVE (revisar coordenada) | M206: -55.978971 | N206: -67.289034 | O206: 2741 | Q206: No se propone cambio: isla / diferencia leve (revisar coordenada) / sin ruta terrestre
A207: RAN701 | B207: CD Rancagua | C207: 1060 | D207: LA LIGUA | E207: Valparaíso | F207: Interregional | G207: 142 | H207: 199 | I207: =IF(H207=0,"",G207/H207) -> 0.71356784 | J207: =ROUND(H207*Resumen!$B$4,0) -> 249 | K207: 4. LEVE (revisar coordenada) | L207: 145 | M207: -32.43919 | N207: -71.210665 | O207: 239 | Q207: No se propone cambio: isla / diferencia leve (revisar coordenada) / sin ruta terrestre
A208: RAN708 | B208: CD Rancagua | C208: 1060 | D208: HIJUELAS | E208: Valparaíso | F208: Interregional | G208: 96 | H208: 159 | I208: =IF(H208=0,"",G208/H208) -> 0.60377358 | J208: =ROUND(H208*Resumen!$B$4,0) -> 199 | K208: 4. LEVE (revisar coordenada) | L208: 99 | M208: -32.796332 | N208: -71.146141 | O208: 192 | Q208: No se propone cambio: isla / diferencia leve (revisar coordenada) / sin ruta terrestre
A209: RAN709 | B209: CD Rancagua | C209: 1060 | D209: LA CRUZ | E209: Valparaíso | F209: Interregional | G209: 113 | H209: 171 | I209: =IF(H209=0,"",G209/H209) -> 0.66081871 | J209: =ROUND(H209*Resumen!$B$4,0) -> 214 | K209: 4. LEVE (revisar coordenada) | L209: 88 | M209: -32.650665 | N209: -70.704267 | O209: 186 | Q209: No se propone cambio: isla / diferencia leve (revisar coordenada) / sin ruta terrestre
A210: RAN710 | B210: CD Rancagua | C210: 1060 | D210: NOGALES | E210: Valparaíso | F210: Interregional | G210: 111 | H210: 169 | I210: =IF(H210=0,"",G210/H210) -> 0.65680473 | J210: =ROUND(H210*Resumen!$B$4,0) -> 211 | K210: 4. LEVE (revisar coordenada) | L210: 104 | M210: -32.71171 | N210: -71.184536 | O210: 210 | Q210: No se propone cambio: isla / diferencia leve (revisar coordenada) / sin ruta terrestre
A211: RAN719 | B211: CD Rancagua | C211: 1060 | D211: PANQUEHUE | E211: Valparaíso | F211: Interregional | G211: 108 | H211: 157 | I211: =IF(H211=0,"",G211/H211) -> 0.68789809 | J211: =ROUND(H211*Resumen!$B$4,0) -> 196 | K211: 4. LEVE (revisar coordenada) | L211: 101 | M211: -32.777489 | N211: -70.812819 | O211: 195 | Q211: No se propone cambio: isla / diferencia leve (revisar coordenada) / sin ruta terrestre
A212: BDO553 | B212: CD San Bernado | C212: 1005 | D212: RINCONADA | E212: Valparaíso | F212: Interregional | G212: 65 | H212: 83 | I212: =IF(H212=0,"",G212/H212) -> 0.78313253 | J212: =ROUND(H212*Resumen!$B$4,0) -> 104 | K212: 4. LEVE (revisar coordenada) | L212: 62 | M212: -32.849888 | N212: -70.687362 | O212: 91 | Q212: No se propone cambio: isla / diferencia leve (revisar coordenada) / sin ruta terrestre
A213: BDO554 | B213: CD San Bernado | C213: 1005 | D213: SAN ESTEBAN | E213: Valparaíso | F213: Interregional | G213: 74 | H213: 89 | I213: =IF(H213=0,"",G213/H213) -> 0.83146067 | J213: =ROUND(H213*Resumen!$B$4,0) -> 111 | K213: 4. LEVE (revisar coordenada) | L213: 70 | M213: -32.799786 | N213: -70.579838 | O213: 100 | Q213: No se propone cambio: isla / diferencia leve (revisar coordenada) / sin ruta terrestre
A214: TAL667 | B214: CD Talca | C214: 1070 | D214: SAN ANTONIO | E214: Valparaíso | F214: Interregional | G214: 125 | H214: 210 | I214: =IF(H214=0,"",G214/H214) -> 0.5952381 | J214: =ROUND(H214*Resumen!$B$4,0) -> 263 | K214: 4. LEVE (revisar coordenada) | L214: 120 | M214: -33.58527 | N214: -71.611681 | O214: 314 | Q214: No se propone cambio: isla / diferencia leve (revisar coordenada) / sin ruta terrestre
A215: TAL672 | B215: CD Talca | C215: 1070 | D215: SANTO DOMINGO | E215: Valparaíso | F215: Interregional | G215: 131 | H215: 204 | I215: =IF(H215=0,"",G215/H215) -> 0.64215686 | J215: =ROUND(H215*Resumen!$B$4,0) -> 255 | K215: 4. LEVE (revisar coordenada) | L215: 126 | M215: -33.640595 | N215: -71.626096 | O215: 262 | Q215: No se propone cambio: isla / diferencia leve (revisar coordenada) / sin ruta terrestre
A216: TEM444 | B216: CD Temuco | C216: 1090 | D216: CHOL CHOL | E216: La Araucanía | F216: Regional | G216: 28 | H216: 40 | I216: =IF(H216=0,"",G216/H216) -> 0.7 | J216: =ROUND(H216*Resumen!$B$4,0) -> 50 | K216: 4. LEVE (revisar coordenada) | L216: 702 | M216: -38.492634 | N216: -72.921037 | O216: 48 | Q216: No se propone cambio: isla / diferencia leve (revisar coordenada) / sin ruta terrestre
A217: TEM483 | B217: CD Temuco | C217: 1090 | D217: VILLARRICA | E217: La Araucanía | F217: Regional | G217: 84 | H217: 95 | I217: =IF(H217=0,"",G217/H217) -> 0.88421053 | J217: =ROUND(H217*Resumen!$B$4,0) -> 119 | K217: 4. LEVE (revisar coordenada) | L217: 809 | M217: -39.420159 | N217: -71.93994 | O217: 122 | Q217: No se propone cambio: isla / diferencia leve (revisar coordenada) / sin ruta terrestre
A218: SGO170 | B218: Planta Electrosoldado | C218: 1002 | D218: SAN JOSÉ DE MAIPO | E218: Metropolitana de Santiago | F218: Regional | G218: 69 | H218: 81 | I218: =IF(H218=0,"",G218/H218) -> 0.85185185 | J218: =ROUND(H218*Resumen!$B$4,0) -> 101 | K218: 4. LEVE (revisar coordenada) | L218: 69 | M218: -33.743539 | N218: -69.989036 | O218: 123 | Q218: No se propone cambio: isla / diferencia leve (revisar coordenada) / sin ruta terrestre
A220: Leyenda: columnas amarillas (KM corregido, Observación) son para completar; azul = dato cargado en SIT; KM estimado = línea recta × factor de la hoja Resumen (sólo referencia, no reemplaza la medición por carretera).
